IP;Actor;ASN
4.79.142.192/28;GRC;AS3356
162.142.125.0/24;Cencys;AS398324
167.94.138.0/24;Cencys;AS398324
167.94.145.0/24;Cencys;AS398705
167.94.146.0/24;Cencys;AS398705
167.248.133.0/24;Cencys;AS398324
199.45.154.0/24;Cencys;AS398722
199.45.155.0/24;Cencys;AS398722
206.168.34.0/24;Cencys;AS398324
44.220.188.1;Shodan.io;AS14618
44.220.188.28;Shodan.io;AS14618
44.220.188.131;Shodan.io;AS14618
44.220.185.97;Shodan.io;AS14618
44.220.185.170;Shodan.io;AS14618
44.220.188.162;Shodan.io;AS14618
44.220.185.19;Shodan.io;AS14618
44.220.188.108;Shodan.io;AS14618
44.220.185.129;Shodan.io;AS14618
44.220.185.102;Shodan.io;AS14618
44.220.185.47;Shodan.io;AS14618
137.184.13.100;Shodan.io;AS14061
64.226.86.7;Shodan.io;AS14061
44.220.185.195;Shodan.io;AS14618
207.90.244.2;Shodan.io;AS174
185.165.191.27;Shodan.io;AS174
93.174.95.106;Shodan.io;AS202425
44.220.185.224;Shodan.io;AS14618
165.227.188.42;Shodan.io;AS14061
165.227.110.45;Shodan.io;AS14061
64.225.74.178;Shodan.io;AS14061
44.220.188.123;Shodan.io;AS14618
89.248.172.16;Shodan.io;AS202425
44.220.185.145;Shodan.io;AS14618
71.6.147.254;Shodan.io;AS10439
71.6.135.131;Shodan.io;AS10439
44.220.185.61;Shodan.io;AS14618
44.220.188.167;Shodan.io;AS14618
44.220.185.231;Shodan.io;AS14618
44.220.185.133;Shodan.io;AS14618
44.220.185.143;Shodan.io;AS14618
185.142.236.41;Shodan.io;AS174
44.220.185.127;Shodan.io;AS14618
44.220.185.190;Shodan.io;AS14618
44.220.188.69;Shodan.io;AS14618
44.220.185.121;Shodan.io;AS14618
193.109.49.78;Shodan.io;AS286
44.220.185.212;Shodan.io;AS14618
44.220.185.151;Shodan.io;AS14618
44.220.185.153;Shodan.io;AS14618
44.220.185.186;Shodan.io;AS14618
185.142.236.34;Shodan.io;AS174
44.220.188.99;Shodan.io;AS14618
207.90.244.6;Shodan.io;AS174
44.220.185.134;Shodan.io;AS14618
44.220.185.218;Shodan.io;AS14618
44.220.185.58;Shodan.io;AS14618
44.220.185.253;Shodan.io;AS14618
94.102.49.193;Shodan.io;AS202425
217.114.182.26;Shodan.io;AS30855
44.220.185.157;Shodan.io;AS14618
134.209.95.237;Shodan.io;AS14061
164.92.106.15;Shodan.io;AS14061
164.92.114.247;Shodan.io;AS14061
207.90.244.12;Shodan.io;AS174
80.82.77.33;Shodan.io;AS202425
44.220.185.216;Shodan.io;AS14618
44.220.188.14;Shodan.io;AS14618
44.220.185.18;Shodan.io;AS14618
44.220.185.41;Shodan.io;AS14618
44.220.185.80;Shodan.io;AS14618
44.220.188.63;Shodan.io;AS14618
207.90.244.11;Shodan.io;AS174
185.165.191.26;Shodan.io;AS174
159.89.124.112;Shodan.io;AS14061
44.220.188.127;Shodan.io;AS14618
44.220.188.152;Shodan.io;AS14618
44.220.185.180;Shodan.io;AS14618
44.220.185.254;Shodan.io;AS14618
94.102.49.190;Shodan.io;AS202425
44.220.185.55;Shodan.io;AS14618
77.50.252.78;Shodan.io;AS34602
125.212.217.215;Shodan.io;AS7552
44.220.188.51;Shodan.io;AS14618
44.220.185.23;Shodan.io;AS14618
44.220.185.251;Shodan.io;AS14618
66.240.236.119;Shodan.io;AS10439
139.59.170.85;Shodan.io;AS14061
207.90.244.14;Shodan.io;AS174
207.90.244.3;Shodan.io;AS174
44.220.188.45;Shodan.io;AS14618
44.220.185.56;Shodan.io;AS14618
44.220.185.107;Shodan.io;AS14618
44.220.185.90;Shodan.io;AS14618
44.220.185.167;Shodan.io;AS14618
44.220.188.70;Shodan.io;AS14618
44.220.185.233;Shodan.io;AS14618
44.220.185.172;Shodan.io;AS14618
66.240.219.146;Shodan.io;AS10439
44.220.185.240;Shodan.io;AS14618
185.142.236.43;Shodan.io;AS174
71.6.165.200;Shodan.io;AS10439
71.6.167.142;Shodan.io;AS10439
165.227.172.206;Shodan.io;AS14061
44.220.185.193;Shodan.io;AS14618
185.142.239.16;Shodan.io;AS174
157.245.222.108;Shodan.io;AS14061
207.90.244.17;Shodan.io;AS174
44.220.188.83;Shodan.io;AS14618
207.90.244.5;Shodan.io;AS174
185.142.236.36;Shodan.io;AS174
44.220.185.70;Shodan.io;AS14618
178.128.32.203;Shodan.io;AS14061
44.220.185.130;Shodan.io;AS14618
44.220.185.66;Shodan.io;AS14618
66.240.192.138;Shodan.io;AS10439
44.220.188.110;Shodan.io;AS14618
44.220.188.185;Shodan.io;AS14618
44.220.185.11;Shodan.io;AS14618
44.220.188.44;Shodan.io;AS14618
44.220.185.98;Shodan.io;AS14618
44.220.185.99;Shodan.io;AS14618
44.220.188.41;Shodan.io;AS14618
44.220.185.37;Shodan.io;AS14618
44.220.185.62;Shodan.io;AS14618
44.220.185.106;Shodan.io;AS14618
44.220.185.201;Shodan.io;AS14618
71.6.158.166;Shodan.io;AS10439
207.90.244.10;Shodan.io;AS174
44.220.185.45;Shodan.io;AS14618
147.182.247.10;Shodan.io;AS14061
71.6.146.185;Shodan.io;AS10439
185.142.236.40;Shodan.io;AS174
66.240.205.34;Shodan.io;AS10439
147.182.202.179;Shodan.io;AS14061
44.220.188.97;Shodan.io;AS14618
44.220.185.1;Shodan.io;AS14618
147.182.225.86;Shodan.io;AS14061
44.220.188.52;Shodan.io;AS14618
44.220.185.43;Shodan.io;AS14618
44.220.185.24;Shodan.io;AS14618
207.90.244.4;Shodan.io;AS174
44.220.185.42;Shodan.io;AS14618
80.82.77.139;Shodan.io;AS202425
44.220.185.131;Shodan.io;AS14618
44.220.188.126;Shodan.io;AS14618
44.220.185.116;Shodan.io;AS14618
44.220.185.31;Shodan.io;AS14618
71.6.199.23;Shodan.io;AS10439
195.144.21.56;Shodan.io;AS174
147.182.241.81;Shodan.io;AS14061
154.221.21.154;Shodan.io;AS142403
44.220.185.217;Shodan.io;AS14618
87.237.194.126;Shodan.io;AS51375
207.90.244.18;Shodan.io;AS174
103.165.137.50;Shodan.io;AS17995
44.220.188.27;Shodan.io;AS14618
193.107.192.233;Shodan.io;AS44041
137.184.112.192;Shodan.io;AS14061
194.45.197.10;Shodan.io;AS48314
137.184.190.194;Shodan.io;AS14061
91.72.13.74;Shodan.io;AS15802
185.165.190.17;Shodan.io;AS174
185.165.190.34;Shodan.io;AS174
79.10.169.86;Shodan.io;AS3269
203.155.220.9;Shodan.io;AS17478
66.240.219.173;Shodan.io;AS10439
14.18.89.5;Shodan.io;AS58466
34.101.248.19;Shodan.io;AS396982
156.236.74.253;Shodan.io;AS138152
213.55.79.195;Shodan.io;AS24757
43.136.54.214;Shodan.io;AS45090
137.184.190.205;Shodan.io;AS14061
147.182.240.247;Shodan.io;AS14061
36.134.76.229;Shodan.io;AS56042
103.241.45.76;Shodan.io;AS45916
197.210.194.147;Shodan.io;AS29465
34.128.93.130;Shodan.io;AS396982
217.165.158.158;Shodan.io;AS5384
137.184.190.188;Shodan.io;AS14061
36.137.12.158;Shodan.io;AS56042
167.172.219.157;Shodan.io;AS14061
66.240.219.133;Shodan.io;AS10439
198.20.87.98;Shodan.io;AS32475
198.20.69.98;Shodan.io;AS32475
183.56.216.88;Shodan.io;AS135089
207.90.244.13;Shodan.io;AS174
64.227.90.185;Shodan.io;AS14061
107.6.151.194;Shodan.io;AS32475
198.20.69.101;Shodan.io;AS32475
143.198.238.87;Shodan.io;AS14061
185.165.190.181;Shodan.io;AS174
148.251.7.79;Shodan.io;AS24940
103.23.18.3;Shodan.io;AS132040
165.227.62.247;Shodan.io;AS14061
71.6.146.186;Shodan.io;AS10439
194.67.82.98;Shodan.io;AS212189
183.111.226.58;Shodan.io;AS4766
120.77.236.78;Shodan.io;AS37963
88.209.160.124;Shodan.io;AS30815
107.189.13.6;Shodan.io;AS53667
85.15.175.180;Shodan.io;AS12389
137.184.190.246;Shodan.io;AS14061
36.133.196.58;Shodan.io;AS9808
71.6.146.130;Shodan.io;AS10439
143.198.68.20;Shodan.io;AS14061
143.110.239.2;Shodan.io;AS14061
52.90.126.192;Shodan.io;AS14618
183.58.30.138;Shodan.io;AS4134
147.182.240.245;Shodan.io;AS14061
143.198.225.197;Shodan.io;AS14061
165.227.55.4;Shodan.io;AS14061
137.184.112.103;Shodan.io;AS14061
137.184.95.216;Shodan.io;AS14061
52.90.191.67;Shodan.io;AS14618
3.88.58.100;Shodan.io;AS14618
54.162.93.87;Shodan.io;AS14618
3.90.225.128;Shodan.io;AS14618
44.202.251.22;Shodan.io;AS14618
52.70.69.9;Shodan.io;AS14618
3.83.118.225;Shodan.io;AS14618
3.83.249.14;Shodan.io;AS14618
52.72.92.113;Shodan.io;AS14618
3.90.190.212;Shodan.io;AS14618
52.5.7.118;Shodan.io;AS14618
54.242.145.53;Shodan.io;AS14618
34.229.187.105;Shodan.io;AS14618
35.173.202.207;Shodan.io;AS14618
54.205.32.61;Shodan.io;AS14618
54.221.81.205;Shodan.io;AS14618
54.81.100.43;Shodan.io;AS14618
54.205.50.69;Shodan.io;AS14618
18.233.7.148;Shodan.io;AS14618
3.87.209.11;Shodan.io;AS14618
34.229.86.146;Shodan.io;AS14618
54.91.74.147;Shodan.io;AS14618
54.83.163.44;Shodan.io;AS14618
34.201.117.38;Shodan.io;AS14618
18.212.84.133;Shodan.io;AS14618
104.248.4.164;Shodan.io;AS14061
54.163.152.153;Shodan.io;AS14618
34.227.162.250;Shodan.io;AS14618
54.211.206.226;Shodan.io;AS14618
3.87.97.225;Shodan.io;AS14618
3.91.220.200;Shodan.io;AS14618
185.192.45.188;Shodan.io;AS6696
3.83.119.54;Shodan.io;AS14618
54.146.181.177;Shodan.io;AS14618
184.73.79.75;Shodan.io;AS14618
44.203.67.212;Shodan.io;AS14618
3.84.190.205;Shodan.io;AS14618
54.166.237.171;Shodan.io;AS14618
36.133.155.79;Shodan.io;AS9808
3.93.48.62;Shodan.io;AS14618
3.82.147.128;Shodan.io;AS14618
64.227.107.188;Shodan.io;AS14061
35.171.157.230;Shodan.io;AS14618
3.94.166.109;Shodan.io;AS14618
3.85.225.46;Shodan.io;AS14618
34.224.26.66;Shodan.io;AS14618
54.83.125.117;Shodan.io;AS14618
107.20.79.253;Shodan.io;AS14618
54.234.101.254;Shodan.io;AS14618
202.83.18.93;Shodan.io;AS24309
154.6.12.10;Shodan.io;AS46562
54.157.36.8;Shodan.io;AS14618
3.87.207.130;Shodan.io;AS14618
54.86.196.3;Shodan.io;AS14618
54.237.35.45;Shodan.io;AS14618
54.221.160.84;Shodan.io;AS14618
45.119.87.164;Shodan.io;AS131386
103.233.83.64;Shodan.io;AS45652
156.59.130.114;Shodan.io;AS21859
147.182.240.244;Shodan.io;AS14061
154.91.90.72;Shodan.io;AS399077
54.165.178.15;Shodan.io;AS14618
